{
  "classification_report": {
    "0": {
      "precision": 0.532608695652174,
      "recall": 0.5,
      "f1-score": 0.5157894736842106,
      "support": 98.0
    },
    "1": {
      "precision": 0.5462962962962963,
      "recall": 0.5784313725490197,
      "f1-score": 0.5619047619047619,
      "support": 102.0
    },
    "accuracy": 0.54,
    "macro avg": {
      "precision": 0.5394524959742351,
      "recall": 0.5392156862745099,
      "f1-score": 0.5388471177944862,
      "support": 200.0
    },
    "weighted avg": {
      "precision": 0.5395893719806764,
      "recall": 0.54,
      "f1-score": 0.5393082706766917,
      "support": 200.0
    }
  },
  "confusion_matrix": [
    [
      49,
      49
    ],
    [
      43,
      59
    ]
  ]
}